{
"tamil" :  {  "name" : " பெயர்",
				"mobile" : "கைப்பேசி எண்",
			  "location" : "இடம்",
			  "password":"கடவுச்சொல்",
			  "register":"பதிவு செய்ய",
			  "login":"உள்நுழைய",
			  "logout":"வெளியேறு",
			  "skiplogin":"உள்நுழைவைத் தவிர்க்கவும்",
			  "forgotpwd":"கடவுச்சொல்லை மறந்துவிட்டீர்களா?",
			  "occupation" : "தொழில்",
			  "agriculture" : "விவசாயம்",
			  "fishing" : "மீன்பிடி",
			  "others" : "மற்றவை",
			  "acctc" : "விதிமுறைகள் மற்றும் நிபந்தனைகளை நான் ஏற்கிறேன்.",
			  "tc" : "விதிமுறைகள் மற்றும் நிபந்தனைகள்",
			  "privacy": "தனியுரிமை கொள்கை",
			  "otr":"நிரந்தரப் பதிவு",
			  "otp":"6 இலக்க எண்",
			  "submit" : "சமர்ப்பிக்க",
			  "resend":"மீண்டும் அனுப்பு",
			  "otptitle":"OTP ஐ உள்ளிடவும்",
			  "lang":"தமிழ்",
			  "country":"நாட்டின் குறியீடு",
			  "newpost":"புதிய பதிவுகள்",
			  "nopost":"பதிவுகள் எதுவும் இல்லை",
			  "previouspost":"முந்தைய பதிவுகள்",
			  "search":"தேடு",
			  "loginnote":"ஆங்கிலத்தில் உள்ளிடவும் ",
			  "choose":"மொழி",
			  "selCountry":"நாடு",
				"sign":"உள்நுழைய/வெளியேறு",
			   "home":"முகப்பு பக்கம்",
			   "shistory":"செலுத்திய தொகை",
				"ssettings":"அமைப்புகள்",
				"saboutus":"எங்களை பற்றி",
				"sourpolicy":"எங்கள் கொள்கைகள்",
				"sinvite":"அழைக்கவும்",
				"sourstore":"எங்கள் கடைகள்",
				"scontactus":"எங்களை தொடர்பு கொள்ள",
				"swriteus":"எங்களுக்கு எழுதுங்கள்",
				"smyorders":"உங்கள் ஆர்டர்கள்",
				"sliveshop":"நேரடி ஷாப்பிங்",
				"smywallet":"என் பணப்பை",
				"sratehis":"Rate History",
				"sregexis":"Register Existing",
				"sexregreq":"Existing Reg Requests",
				"scategories":"வகைகள்",
				"slanguage":"மொழி",
			   "join":"புதிய சேமிப்பு திட்டத்தில் சேர",
			   "myplan":"என் சேமிப்பு திட்டம்",
			   "payema":"நிலுவைத் தொகை",
			   "paidamt":"செலுத்திய தொகை",
			   "paidwgt":"செலுத்தப்பட்ட தொகை / எடை",
			   "catlog":"கேட்லாக்",
			   "newarr":"புதிய வ௫௧ை",
			   "closedacc":"மூடப்பட்ட கணக்கு",
			   "offer":"சலுகை",
			   "mywallet":"போனஸ் தொகை",
			   "todaysrate":"இன்றைய விலை",
			  "joinscheme":"சேர", 
			  "confirmjoin":"சேர",
			  "newpurchaseplan":"புதிய கொள்முதல் திட்டம்",
			  "introducing":"அறிமுகம்",
			  "fixedcashscheme":"நிலையான பணத் திட்டம்",
			  "flexiblecashscheme":"நெகிழ்வான பணத் திட்டம்",
			  "Enquiry":"விசாரணை",
			  "Duration":"கால அளவு",
			  "MonthlyPayable":"மாதாந்திர செலுத்த வேண்டியவை",
			  "OneTimePremium":"ஒரு முறை பிரீமியம்",
			  "month":"மாதம்",
			  "TotalPayable":"செலுத்த வேண்டிய மொத்த தொகை",
			  "PleaseEnterValidAmount":"சரியான தொகையை உள்ளிடவும்",
			  "panvalid":"கொடுக்கப்பட்ட பான் எண்ணுக்கு, வாங்கும் போது அசல் தயாரிக்கப்பட வேண்டும். பான் கார்டின் நகலை சமர்ப்பிக்க வேண்டும்."
			  ,"panadhar":"வாங்கும் போது பான் மற்றும் ஆதார் நகல் சமர்ப்பிக்கப்பட வேண்டும்.",
			  "terms":"விதிமுறைகள் மற்றும் நிபந்தனைகள்",
			  "agree":"ஒப்புக்கொள்கிறேன்",
			  "joinnewpurchaseplan":"புதிய கொள்முதல் திட்டத்தில் சேர விரும்பினால் தொடரவும்",
			  "confirmplanjoin":"கொள்முதல் திட்டத்தில் இணைவதை உறுதிப்படுத்தவும்",
			   "activeacc":"செயலில் உள்ள கணக்குகள்",
			   "noplan":"உங்களிடம் கொள்முதல் திட்டம் எதுவும் இல்லை",
			   "notAllocated":"ஒதுக்கப்படவில்லை",
			   "accname":"A/c பெயர்",
			   "mpaidwgt":"செலுத்தப்பட்ட எடை",
			   "payable":"செலுத்த வேண்டியவை",
			   "installment":"தவணை",
			   "amtpaid":"பணம் செலுத்தப்பட்டது",
			   "weight":"எடை",
			   "ratefixed":"தொகை நிர்ணயிக்கப்பட்டது",
			   "fixrate":"தொகை நிர்ணயிக்கப்பட்டது",
			   "fixedrate":"தொகை நிர்ணயிக்கப்பட்டது",
			   "startdate":"தொடக்க தேதி",
			   "maturitydate":"முதிர்ச்சி நாள்",
			   "viewdetail":"மேலும்",
				"heading":"திட்ட விவரம்",
				"pay":"செலுத்து",
				"savedwgt":"சேமிக்கப்பட்ட எடை",
				"totalcountamt":"செலுத்தப்பட்ட தொகையின் மொத்த எண்ணிக்கை",
				"totaladvamt":"மொத்த அட்வான்ஸ் தொகை",
				"totalwgtsaved":"சேமிக்கப்பட்ட மொத்த எடை",
				"fixedmetalrate":"நிலையான உலோக விலை",
				"fixwgt":"நிலையான எடை",
				"ratefixedon":"விலை நிர்ணயிக்கப்பட்டுள்ளது",
				"ratefixedin":"விலை நிலையானது",
				"downloadpdf":"PDF பதிவிறக்கம்",
				"transactiondetails":"பரிமாற்ற விவரங்கள்",
				"mode":"விதம்",
				"status":"நிலை",
				"receipt":"ரசீது",
				"metalrate":"உலோக விலை",
				"selectplanmakepayment":"பணம் செலுத்துவதற்கு கொள்முதல் திட்டத்தைத் தேர்ந்தெடுக்கவும்",
				"advance":"அட்வான்ஸ்",
				"enterpayable":"செலுத்த வேண்டிய தொகையை உள்ளிடவும்",
				"entervalidamt":"சரியான தொகையை உள்ளிடவும்",
				"pleaseenter":"தயவுசெய்து உள்ளீடவும்",
				"multiplies":"பெருக்குகிறது",
				"equalwgt":"சமமான எடை",
				"youcanpaymax":"நீங்கள் அதிகபட்சமாக செலுத்தலாம்",
				"aspermetalrate":"இன்றைய உலோக விலையின்படி",
				"total":"மொத்தம்",
				"continue":"தொடரவும்",
				"todaysgoldrate":"இன்றைய தங்க விலை",
				"proceedwith":"இத்துடன் தொடருக",
				"notification":"அறிவிப்புகள்",
				"noti_empty":"உங்கள் அறிவிப்பு பட்டியல் காலியாக உள்ளது",
				"chooselanguage":"மொழியை தேர்வு செய்யவும்",
				"sharetofriends":"நண்பர்களுக்கு பகிரவும்",
				"referyourfriends":"உங்கள் நண்பர்களைப் பரிந்துரைக்கவும்",
				"inviteyourfriends":"வாங்கும் திட்டத்தில் சேர உங்கள் நண்பர்களை அழைக்கவும்",
				"invitewithpurchase":"திட்டத்தை வாங்க உங்கள் நண்பர்களை அழைக்கவும்",
				"referalcode":"பரிந்துரை குறியீடு",
				"invitelink":"அழைப்பு இணைப்பு",
				"address":"முகவரி",
				"callnow":"இப்போது அழைக்கவும்",
				"viewmap":"வரைபடத்தைப் பார்க்கவும்",
				"whatsapp":"வாட்ஸ்அப் எண்",
				"email":"மின்னஞ்சல்",
				"feedback":"கருத்து",
				"viewstatus":"பார்வை நிலை",
				"enquriy":"விசாரணை",
				"suggestion":"பரிந்துரை",
				"complaint":"புகார்",
				"yourmessage":"உங்கள் தகவல்",
				"select":"தேர்ந்தெடுக்கவும்",
				"cus_complaint":"வாடிக்கையாளர் புகார்கள்",
				"norecords":"உங்களிடம் புகார் பதிவுகள் எதுவும் இல்லை",
				"date":"தேதி",
				"compaint_no":"புகார் எண்",
				"resetpwd":"கடவுச்சொல்லை மீட்டமைக்க",
				"proceed":"தொடரவும்",
				"signin":"உள்நுழையவும்",
				"signup":"பதிவு செய்யவும்",
				"enterregmob":"பதிவுசெய்த மொபைல் எண்",
				"directpay":"நேரடியாக செலுத்துதல்",
				"enterotp":"6 இலக்க OTP ஐ உள்ளிடவும்",
				"clicksignin":"உள்நுழைய இங்கே கிளிக் செய்யவும்",
				"expiry":"உங்கள் OTP காலாவதியாகும்",
				"resendotp":"OTP ஐ மீண்டும் பெற",
				"MyOrders":"My Orders",
				"Noresultfound":"No result found",
				"OrderNo":"Order No",
				"Filter":"Filter",
				"All":"All",
				"Ordered":"Ordered",
				"Progress":"Progress",
				"Ready":"Ready",
				"Delivered":"Delivered",
				"Cancelled":"Cancelled",
				"PaymentHistory":"கட்டணம் வரலாறு",
				"Transactions":"பரிவர்த்தனைகள்",
				"PendingDues":"நிலுவையில் உள்ள பாக்கிகள்",
				"TotalAmountPaid":"செலுத்தப்பட்ட மொத்தத் தொகை",
				"TotalWeightPaid":"மொத்த எடை செலுத்தப்பட்டது",
				"YoudonothaveanyPayments":"உங்களிடம் பதிவுகள் எதுவும் இல்லை",
				"ReceiptNo":"ரசீது எண்",
				"Mode":"பயன்முறை",
				"MetalRate":"உலோக விகிதம்",
				"Weight":"எடை",
				"Paid":"செலுத்தப்பட்டது",
				"Amount":"தொகை",
				"Date":"தேதி",
				"ViewMore":"மேலும் பார்க்க",
				"NewArrivals":"புதிய வருகை",
				"NoNewArrivals":"புதிய வருகைகள் இல்லை",
				"Offers":"சலுகைகள்",
				"NoOffersNow":"இப்போது சலுகைகள் இல்லை",
				"OffersDetail":"சலுகைகள் விவரம்",
				"ClosedAccounts":"மூடப்பட்ட கணக்குகள்",
				"TotalAccounts":"மொத்த கணக்குகள்",
				"YoudonothaveanyClosedPurchasePlan":"உங்களிடம் மூடிய கொள்முதல் திட்டம் எதுவும் இல்லை",
				"JoinedDate":"இணைந்த தேதி",
				"Code":"குறியீடு",
				"Payable":"செலுத்த வேண்டியவை",
				"Installments":"தவணைகள்",
				"AcName":"கணக்கின் பெயர்",
				"ClosingAmt":"இறுதித் தொகை",
				"ClosingWgt":"இறுதி எடை",
				"ClosedDate":"மூடப்பட்ட தேதி",
				"HOMECOLLECTIONS":"முகப்பு சேகரிப்புகள்",
				"CATEGORIES":"வகைகள்",
				"NoProductsFound":"தயாரிப்புகள் எதுவும் கிடைக்கவில்லை",
				"SUBCATEGORIES":"துணை வகைகள்",
				"Settings":"அமைப்புகள்",
				"EditProfile":"சுயவிவரத்தைத் திருத்து",
				"ChangePassword":"கடவுச்சொல்லை மாற்று",
				"ChangePin":"பின்னை மாற்றவும்",
				"Fillyourprofiledetails":"உங்கள் சுயவிவர விவரங்களை நிரப்பவும்",
				"Title":"தலைப்பு",
				"Mr":"திரு",
				"Mrs":"திருமதி",
				"Ms":"செல்வி",
				"Dr":"Dr",
				"Prof":"Prof",
				"FirstName":"முதல் பெயர்",
				"LastName":"கடைசி பெயர்",
				"Mobile":"கைபேசி",
				"Email":"மின்னஞ்சல்",
				"AADHAAR":"ஆதார்",
				"PAN":"PAN",
				"DateofBirth":"பிறந்த தேதி",
				"WeddingDate":"திருமண தேதி",
				"Address1":"முகவரி1",
				"Address2":"முகவரி2",
				"Country":"நாடு",
				"State":"மாநிலம்",
				"City":"நகரம்",
				"Pincode":"அஞ்சல் குறியீடு",
				"PANNumber":"பான் எண்",
				"NomineeName":"நாமினி பெயர்",
				"NomineeMobile":"நாமினி மொபைல்",
				"NomineeRelationship":"பரிந்துரைக்கப்பட்ட உறவு",
				"NomineeAddress1":"பரிந்துரைக்கப்பட்டவர் முகவரி1",
				"NomineeAddress2":"பரிந்துரைக்கப்பட்டவர் முகவரி2",
				"confirmPassword":"கடவுச்சொல்லை உறுதிப்படுத்தவும்",
				"Proceed":"தொடரவும்",
				"SETQUICKACCESSPIN":"விரைவான அணுகல் எண்ணை அமைக்கவும்",
				"Pleaseenter4digitquickaccesspin":"4 இலக்க விரைவு அணுகல் பின்னை உள்ளிடவும்",
				"SetaPin":"பின்னை அமைக்கவும்",
				"Create":"உருவாக்கு",
				"Re-enter 4 digit quick access pin":"4 இலக்க விரைவு அணுகல் எண்ணை மீண்டும் உள்ளிடவும்",
				"ConfirmPin":"பின்னை உறுதிப்படுத்தவும்",
				"ProductDetail":"பொருள் விவரம்",
				"Payments":"பண வழங்கீடு",
				"ProductName":"பொருள் பெயர்",
				"Status":"நிலை",
				"SubDesignName":"துணை வடிவமைப்பு பெயர்",
				"OrderWeight":"ஆர்டர் எடை",
				"DeliveredWeight":"வழங்கப்பட்ட எடை",
				"OrderDate":"ஆர்டர் தேதி",
				"Description":"விளக்கம்",
				"BillNo":"பில் எண்",
				"Advance":"அட்வான்ஸ்",
				"BillDate":"பில் தேதி",
				"DesignName":"வடிவமைப்பு பெயர்",
				"Orders":"ஆர்டர்கல்",
				"gold":"தங்கம்",
				"silver":"வெள்ளி",
				"pinenter":"உங்கள் 4 இலக்க ஆப் லாக் பின்னை உள்ளிடவும்",
				"forgotpin":"பின்னை மறந்துவிட்டேன்",
				"kyc_optional":"நீங்கள் உங்கள் KYC விவரங்களை நிரப்பவில்லை என்றால்.தயவு செய்து",
                "update_kyc":"உங்கள் KYC தகவலை நிரப்பவும்",
                "optional":"விருப்பமானது",
                "completekyc":"உங்கள் KYC ஐ முடிக்கவும்",  
                "selectoption":"உங்கள் விருப்பத்தைத் தேர்ந்தெடுக்கவும்",
                "verifybankacc":"வங்கிக் கணக்கைச் சரிபார்க்கவும்",
                "bankpassbook":"வங்கி பாஸ்புக் முன் படம் (விரும்பினால்)",
                "delete":"நீக்கு",
                "verifypancard":"உங்கள் பேன் கார்டை சரிபார்க்கவும்",
                 "imgpdf":"படம் அல்லது PDF ஐ தேர்வு செய்யவும்",
                 "choosepan":"பேன் படத்தைத் தேர்ந்தெடுக்கவும்",
                 "panpdf":"பேன் PDF ஐ தேர்வு செய்யவும்",
                 "verifydriving":"உங்கள் ஓட்டுநர் உரிமத்தை சரிபார்க்கவும்",
                 "verifyaadhar":"உங்கள் ஆதார் அட்டையை சரிபார்க்கவும்",
                 "adharno":"ஆதார் எண்",
                 "sentotp":"OTP அனுப்பவும்",
                 "verifynominee":"உங்கள் நாமினி ஆதார் அட்டையை சரிபார்க்கவும்",
                 "chooseonetwo":"1 அல்லது 2ஐத் தேர்வு செய்யவும்",
                 "adharfront":"ஆதார் முன் படம்",
                 "adharback":"ஆதார் பின் படம்",
                 "or":"அல்லது",
                 "adharpdf":"ஆதார் PDF",
                 "allfields":"எல்லா விபரங்களையும் அவசியம் பூர்த்தி செய்யவேண்டும்",
                 "kycdetailsverify":"திட்டங்களில் சேரவும் பணம் செலுத்தவும் உங்கள் KYC விவரங்களைச் சரிபார்க்கவும்",
                 "submitverification":"சரிபார்ப்புக்கு சமர்ப்பிக்கவும்",
                 "jewellerywallet":"நகை வாங்கும் போனஸ் தொகை",
                 "companyname":"அருணாச்சலா ஜூவல்லரி",
                 "confirmlogout":"வெளியேறுவதை உறுதிப்படுத்தவும்",
                 "areusurelogout":"நீங்கள் நிச்சயமாக வெளியேற விரும்புகிறீர்களா!",
                 "branchselection":"மீட்புக்கான கிளையைத் தேர்ந்தெடுக்கவும்",
                 "acountname":"கணக்கின் பெயர்",
                 "refercode":"பரிந்துரை குறியீடு (விரும்பினால்)",  
                 "payematwo" : "தொகை",
                 "digigold"  : "டிஜி கோல்டு",
                 "goldhistory" :"தங்க வரலாறு",
                 "regexisting" :"தற்போதுள்ள பதிவு",
                "exisregreq" :"தற்போதுள்ள பதிவு கோரிக்கைகள்",
                "sno":"வ.எண்",
                "giftissued":"பரிசு வழங்கப்பட்டது",
                "selectweight":"எடையைத் தேர்ந்தெடுக்கவும்",
                "categoryshop":"நீங்கள் ஷாப்பிங் செய்ய விரும்பும் வகை",
                "typeproduct":"நீங்கள் எந்த வகையான பொருட்களை வாங்க விரும்புகிறீர்கள்?",
                "preferlanguage":"விருப்பமான மொழி",
                "starttime":"தொடக்க நேரம்",
                "booknow":"பதிவு",
                "reachus":"சந்திப்பை முன்பதிவு செய்வதன் மூலம் இன்றே எங்களை அணுகவும்",
                "areacity":"பகுதி/நகரம்",
				"total_weight":"மொத்த எடை",
				"accno":"கணக்கு எண்",
				"branch":"கிளை",
				"newplan":"புதிய திட்டங்கள்",
				"Schemes":"Schemes",
"joinplan":"Join Plan",
"branch":"Branch",
"chit_enq":"For Chit Enquiry",
"general_enq":"For General Enquiry"
},
			"eng" :  {
				"name" : "Name",
				"mobile" : "Mobile No.",
				"password":"Password",
				"forgotpwd":"Forgot Password?",
				"register":"Create a New Account",
				"login":"LOGIN",
				"logout":"Sign Out",
				"skiplogin":"Skip login",
				"location" : "Location",
				"occupation" : "Occupation",
				"agriculture" : "Agriculture",
				"fishing" : "Fishing",
				"others" : "Others",
				"acctc" : "I accept, terms & conditions.",
				"tc" : "T&C",
				"privacy" : "Privacy Policy",
				"otr":"One Time Registration",
				"otp":"6 digit otp",
				"submit" : "Submit",
				"resend":"Resend OTP",
				"otptitle":"Enter OTP",
				"lang":"ENG",
				"country":"Country Code",
				"newpost":"New posts available",
				"nopost":"No posts available",
				"previouspost":"LOAD PREVIOUS POSTS",
				"search":"Search",
				"loginnote":"Enter input in English",
				"choose":"Language",
				"selCountry":"Select Country",
				"sign":"Sign in / Sign up",
				"home":"Home",
				"shistory":"Payment History",
				"ssettings":"My Security Settings",
				"saboutus":"About Us",
				"sourpolicy":"Our Policies",
				"sinvite":"Invite",
				"sourstore":"Our Stores",
				"scontactus":"Contact Us",
				"swriteus":"Write to Us",
				"smyorders":"My Orders",
				"sliveshop":"Live Shop",
				"smywallet":"My Wallet",
				"sratehis":"Rate History",
				"sregexis":"Register Existing",
				"sexregreq":"Existing Reg Requests",
				"scategories":"Categories",
				"slanguage":"Choose Language",
				"join":"Join New Plan",
				"myplan":"My Plans",
				"payema":"Pay EMA",
				"paidamt":"Paid Amount",
				"paidwgt":"Total Weight",
				"catlog":"Catalog",
				"newarr":"New Arrivals",
				"closedacc":"Closed Accounts",
				"offer":"Offers",
				"mywallet":"My Wallet",
				"todaysrate":"TODAY'S RATE",
				"joinscheme":"Join",    
				"confirmjoin":"Join Plan",                         
				"newpurchaseplan":"New Purchase Plan",
				"introducing":"INTRODUCING",
				"Enquiry":"Enquiry",
				"Duration":"Duration",
				"MonthlyPayable":"Monthly Payable",
				"OneTimePremium":"One Time Premium",
				"month":"Month",
				"TotalPayable":"Total Payable",
				"PleaseEnterValidAmount":"Please Enter Valid Amount",
				"panvalid":" For given PAN, original should be produced at the time of Purchase. Copy of PAN Card should be submitted.",
				"panadhar":"PAN and AADHAAR copy should be submitted at the time purchase.",
				"terms":"Terms and Conditions",
				"agree":"I agree with",
				"joinnewpurchaseplan":"If you want to join new purchase plan proceed",
				"confirmplanjoin":"Confirm Purchase Plan Joining",
				"directpay":"Direct Pay",
				"activeacc":"Active Accounts",
				"noplan":"You don't have any Purchase Plan",
				"notAllocated":"Not Allocated",
				"accname":"A/c Name",
				"mpaidwgt":"Paid Weight",
				"payable":"Payable",
				"installment":"Installment",
				"amtpaid":"Amt Paid",
				"weight":"Weight",
				"ratefixed":"Rate Fixed",
				"fixrate":"Fix Rate",
				"fixedrate":"Fixed Rate",
				"startdate":"Start Date",
				"maturitydate":"Maturity Date",
				"viewdetail":"View Detail",
				"heading":"Plan Detail",
				"pay":"Pay",
				"savedwgt":"Saved Weight",
				"totalcountamt":"Total Count of Amount Paid",
				"totaladvamt":"Total Advance Amount Paid",
				"totalwgtsaved":"Total Weight Saved",
				"fixedmetalrate":"Fixed Metal Rate",
				"fixwgt":"Fixed Weight",
				"ratefixedon":"Rate Fixed On",
				"ratefixedin":"Rate Fixed In",
				"downloadpdf":"Download PDF",
				"transactiondetails":"Transaction Details",
				"mode":"Mode",
				"status":"Status",
				"receipt":"Receipt",
				"metalrate":"Metal Rate",
				"selectplanmakepayment":"Select Purchase Plan to make payment",
				"advance":"Advance",
				"enterpayable":"Enter Payable Amount",
				"entervalidamt":"Please Enter Valid Amount",
				"pleaseenter":"Please Enter",
				"multiplies":"multiplies",
				"equalwgt":"Equivalent Weight",
				"youcanpaymax":"You can pay Max of",
				"aspermetalrate":"as per today metal rate",
				"total":"Total",
				"continue":"Continue",
				"todaysgoldrate":"TODAY'S GOLD RATE",
				"proceedwith":"Proceed with",
				"notification":"Notification",
				"noti_empty":"Your Notification List is Empty",
				"chooselanguage":"Choose Language",
				"sharetofriends":"Share To Friends",
				"referyourfriends":"Refer your friends",
				"inviteyourfriends":"Invite your friends to join purchase plan with",
				"invitewithpurchase":"Invite your friends to purchase plan with",
				"referalcode":"Referal Code",
				"invitelink":"Invite Link",
				"address":"Address",
				"callnow":"Call Now",
				"viewmap":"View Map",
				"whatsapp":"Whatsapp No",
				"email":"Email",
				"feedback":"Feedback",
				"viewstatus":"View Status",
				"enquriy":"Enquiry",
				"suggestion":"Suggestion",
				"complaint":"Complaint",
				"yourmessage":"Your Message",
				"select":"Select",
				"cus_complaint":"Customer Complaints",
				"norecords":"You dont have any complaint records",
				"date":"Date",
				"compaint_no":"Complaint No",
				"resetpwd":"Reset Password",
				"proceed":"Proceed",
				"signin":"Sign In",
				"signup":"Sign Up",
				"enterregmob":"Enter Registered Mobile Number",  
				"enterotp":"Enter 6 digit OTP",
				"clicksignin":"Click here to Sign In",
				"expiry":"Your OTP will expire in",
				"resendotp":"Resend OTP",
				"PaymentHistory":"Payment History",
				"Transactions":"Transactions",
				"PendingDues":"Pending Dues",
				"TotalAmountPaid":"Total Amount Paid",
				"TotalWeightPaid":"Total Weight Paid",
				"YoudonothaveanyPayments":"You do not have any Payments",
				"ReceiptNo":" Receipt No",
				"Mode":"Mode",
				"MetalRate":"Metal Rate",
				"Weight":"Weight",
				"Paid":"Paid",
				"Amount":"Amount",
				"Date":"Date",
				"ViewMore":"View More",
				"NewArrivals":"New Arrivals",
				"NoNewArrivals":"No New Arrivals",
				"Offers":"Offers",
				"NoOffersNow":"No Offers Now",
				"OffersDetail":"Offers Detail",
				"ClosedAccounts":"Closed Accounts",
				"TotalAccounts":"Total Accounts",
				"YoudonothaveanyClosedPurchasePlan":"You do not have any Closed Purchase Plan",
				"JoinedDate":"Joined Date",
				"Code":"Code",
				"Payable":"Payable",
				"Installments":"Installments",
				"AcName":"A/c Name",
				"ClosingAmt":"Closing Amt",
				"ClosingWgt":"Closing Wgt",
				"ClosedDate":"Closed Date",
				"HOMECOLLECTIONS":"HOME COLLECTIONS",
				"CATEGORIES":"CATEGORIES",
				"NoProductsFound":"No Products Found",
				"SUBCATEGORIES":"SUB CATEGORIES",
				"Settings":"Settings",
				"EditProfile":"Edit Profile",
				"ChangePassword":"Change Password",
				"ChangePin":"Change Pin",
				"firstname":"First Name",
				"Fillyourprofiledetails":"Fill your profile details",
				"Title":"Title",
				"Mr":"Mr",
				"Mrs":"Mrs",
				"Ms":"Ms",
				"Dr":"Dr",
				"Prof":"Prof",
				"FirstName":"First Name",
				"LastName":"Last Name",
				"Mobile":"Mobile",
				"Email":"Email",
				"AADHAAR":"AADHAAR",
				"PAN":"PAN",
				"DateofBirth":"Date of Birth",
				"WeddingDate":"Wedding Date",
				"Address1":"Address1",
				"Address2":"Address1",
				"Country":"Country",
				"State":"State",
				"City":"City",
				"Pincode":"Pincode",
				"PANNumber":"PAN Number",
				"NomineeName":"Nominee Name",
				"NomineeMobile":"Nominee Mobile",
				"NomineeRelationship":"Nominee Relationship",
				"NomineeAddress1":"Nominee Address1",
				"NomineeAddress2":"Nominee Address2",
				"Submit":"Submit",
				"confirmPassword":"Confirm Password",
				"Proceed":"Proceed",
				"SETQUICKACCESSPIN":"SET QUICK ACCESS PIN",
				"Pleaseenter4digitquickaccesspin":"Please enter 4 digit quick access pin",
				"SetaPin":"Set a Pin",
				"Create":"Create",
				"Reenter4digitquickaccesspin":"Re-enter 4 digit quick access pin",
				"ConfirmPin":"Confirm Pin",
				"MyOrders":"My Orders",
				"Noresultfound":"No result found",
				"OrderNo":"Order No",
				"Filter":"Filter",
				"All":"All",
				"Ordered":"Ordered",
				"Progress":"Progress",
				"Ready":"Ready",
				"Delivered":"Delivered",
				"Cancelled":"Cancelled",
				"ProductDetail":"Product Detail",
				"Payments":"Payments",
				"ProductName":"Product Name",
				"Status":"Status",
				"SubDesignName":"Sub Design Name",
				"OrderWeight":"Order Weight",
				"DeliveredWeight":"Delivered Weight",
				"OrderDate":"Order Date",
				"Description":"Description",
				"BillNo":" Bill No",
				"Advance":"Advance",
				"BillDate":"Bill Date",
				"DesignName":"Design Name",
				"Orders":"Orders",
				"gold":"GOLD",
				"silver":"SILVER",
				"pinenter":"Please enter your 4-digit app lock pin",
				"forgotpin":"Forgot PIN",
				"kyc_optional":"If you are not update your KYC Details.Please",
                "update_kyc":"Update Your KYC Information",
                "optional":"Optional",
                "completekyc":"Complete Your KYC",
                "selectoption":"Select your option",
               "verifybankacc":"VERIFY BANK ACCOUNT",
               "bankpassbook":"Bank Passbook Front Image (optional)",
                "delete":"Delete",
                 "verifypancard":"VERIFY YOUR PAN CARD",
                 "imgpdf":"Choose Image Or PDF",
                 "choosepan":"Choose PAN Image",
                 "panpdf":"Choose PAN PDF",
                 "verifydriving":"VERIFY YOUR DRIVING LICENSE",
                 "verifyaadhar":"VERIFY YOUR AADHAAR CARD",
                 "adharno":"Aadhar Number",
                 "sentotp":"Send OTP",
                 "verifynominee":"VERIFY YOUR NOMINEE AADHAAR CARD",
                 "chooseonetwo":"Please Choose  1 or 2",
                 "adharfront":"Aadhar Front Image",
                 "adharback":"Aadhar Back Image",
                 "or":"OR",
                 "adharpdf":"Aadhar PDF",
                 "allfields":"All fields are mandatory",
                 "kycdetailsverify":"Please verify your KYC details to Join and Pay for Plans",
                 "submitverification":"SUBMIT FOR VERIFICATION",
                 "confirmlogout":"Confirm Logout",
                 "areusurelogout":"Are you sure you want to logout!",
                 "branchselection":"Select branch for redemption",
                 "acountname":"Account Name",
                 "refercode":"Referral Code (Optional)",
                 "companyname":"Arunachala Jewellery",
                 "jewellerywallet":"Jewellery Purchase Wallet",
                 "payemaone" : "Pay",
                 "payematwo" : "EMA",
                 "digigold"  : "Digi Gold",
                 "goldhistory":"Rate History",
                 "regexisting":"Register Existing",
                 "exisregreq":"Existing Reg Requests",
                 "sno":"S.No",
                 "giftissued":"Gift Issued",
                 "selectweight":"Select Weight",
                 "categoryshop":"Category you want to shop",
"typeproduct":"What type of products you want to buy?",
"preferlanguage":"Prefered language",
"starttime":"Start Time",
"booknow":"Book Now",
"reachus":"REACH US TODAY BY BOOKING AN APPOINMENT",
"areacity":"Area/City",
"total_weight":"Total weight",
"accno":"Account No",
"branch":"Branch",
"newplan":"New Plans",
"Schemes":"Schemes",
"joinplan":"Join Plan",
"branch":"Branch",
"chit_enq":"For Chit Enquiry",
"general_enq":"For General Enquiry"
                
		   }
}